prompt,expected_chunks,top1_chunk,top3_chunks,top5_chunks,expected_rank_in_top5,top1_hit,top3_hit,top5_hit,top1_all_hit,top3_all_hit,top5_all_hit
"I've got a timed quiz that I won't be able to complete on time, am I able to get an extension?",['EXT-01_1'],EXT-01_1,"['EXT-01_1', 'EXT-01_0', 'EAA-02_38']","['EXT-01_1', 'EXT-01_0', 'EAA-02_38', 'EXT-01_2', 'POL-01_62']",1,True,True,True,True,True,True
"I've recently lost my job, is this a valid reason to apply for special consideration?",['SC-01_7'],SC-01_4,"['SC-01_4', 'SC-01_8', 'SC-01_13']","['SC-01_4', 'SC-01_8', 'SC-01_13', 'SC-01_7', 'POL-01_63']",4,False,False,True,False,False,True
"So my hard drive with my assignment stopped working and I didn't backup my work, will I be able to get an extension or special consideration?",['SC-01_16'],EXT-01_1,"['EXT-01_1', 'SC-01_16', 'EAA-02_38']","['EXT-01_1', 'SC-01_16', 'EAA-02_38', 'SC-01_6', 'EXT-01_0']",2,False,True,True,False,True,True
I've just booked my first appointment with ELS next week and I'm feeling nervous. Is there anything I need to bring or have ready before I go in?,['EAA-02_29'],EAA-02_29,"['EAA-02_29', 'EAA-02_28', 'EAA-02_20']","['EAA-02_29', 'EAA-02_28', 'EAA-02_20', 'EAA-01_18', 'EAA-02_27']",1,True,True,True,True,True,True
I emailed my course coordinator three days ago asking for an extension and I've heard absolutely nothing back and the due date is tomorrow — what do I do now?,['EAA-02_38'],EAA-02_38,"['EAA-02_38', 'EXT-01_0', 'SC-01_9']","['EAA-02_38', 'EXT-01_0', 'SC-01_9', 'EAA-02_34', 'POL-01_62']",1,True,True,True,True,True,True
"Having a hard time reading through journal articles for an assessment as I'm dyslexic, is there some kind of text-to-speech thing RMIT can set me up with?",['EAA-02_46'],EAA-02_51,"['EAA-02_51', 'EAA-02_47', 'SC-01_15']","['EAA-02_51', 'EAA-02_47', 'SC-01_15', 'EAA-02_46', 'EAA-02_52']",4,False,False,True,False,False,True
"My mate got flagged for plagiarism because he reused part of an assignment he wrote for a different course last year, does RMIT actually define that as plagiarism?",['POL-01_70'],POL-01_70,"['POL-01_70', 'EXT-01_3', 'POL-01_56']","['POL-01_70', 'EXT-01_3', 'POL-01_56', 'EAA-02_19', 'POL-01_67']",1,True,True,True,True,True,True
Who actually sets RMIT's official academic calendar each year? I'm trying to plan around census dates.,['POL-01_67'],POL-01_67,"['POL-01_67', 'EAA-02_50', 'EAA-02_52']","['POL-01_67', 'EAA-02_50', 'EAA-02_52', 'SC-01_11', 'EXT-01_2']",1,True,True,True,True,True,True
"I missed a test because I was unwell, How long do I have to apply for special consideration? I have an EAA deferral thing in my plan.","['SC-01_8', 'EAA-02_43']",EAA-01_18,"['EAA-01_18', 'POL-01_63', 'EAA-02_43']","['EAA-01_18', 'POL-01_63', 'EAA-02_43', 'SC-01_8', 'POL-01_62']",3,False,True,True,False,False,True
"My nan just passed away but I've got a group assignment due friday, can I even apply for an extension on something like this? How much extra time could I get?","['POL-01_62', 'EXT-01_1']",EXT-01_0,"['EXT-01_0', 'EAA-02_41', 'EXT-01_1']","['EXT-01_0', 'EAA-02_41', 'EXT-01_1', 'POL-01_62', 'EAA-02_34']",3,False,True,True,False,False,True
"I think my tutor marked me down assuming I plagiarised, very upset about this because I definitely didn't, how should I go about correcting this issue?","['POL-01_58', 'POL-01_59']",EXT-01_3,"['EXT-01_3', 'EAA-02_38', 'POL-01_59']","['EXT-01_3', 'EAA-02_38', 'POL-01_59', 'SC-01_16', 'POL-01_70']",3,False,True,True,False,False,False
"The extensions adjustment is on my ELP, but the assignment brief also says to fill out the standard extension form, do I need to do both, or is my learning plan enough on its own","['EXT-01_2', 'EAA-02_39']",EAA-02_39,"['EAA-02_39', 'POL-01_62', 'EAA-02_41']","['EAA-02_39', 'POL-01_62', 'EAA-02_41', 'EAA-02_37', 'EAA-02_40']",1,True,True,True,False,False,False
